{
  "lang":"en",
  "name":"pipeline",
  "version":"0.0.0",
  "spacy_version":">=3.4.3,<3.5.0",
  "description":"",
  "author":"",
  "email":"",
  "url":"",
  "license":"",
  "spacy_git_version":"Unknown",
  "vectors":{
    "width":0,
    "vectors":0,
    "keys":0,
    "name":null,
    "mode":"default"
  },
  "labels":{
    "tok2vec":[

    ],
    "ner":[
      "demonym",
      "ethnic",
      "people",
      "person",
      "place"
    ]
  },
  "pipeline":[
    "tok2vec",
    "ner"
  ],
  "components":[
    "tok2vec",
    "ner"
  ],
  "disabled":[

  ],
  "performance":{
    "ents_f":0.9490982263,
    "ents_p":0.9363970588,
    "ents_r":0.9621486854,
    "ents_per_type":{
      "people":{
        "p":0.9488049973,
        "r":0.9696086595,
        "f":0.9590940288
      },
      "ethnic":{
        "p":0.9851286174,
        "r":0.9776625449,
        "f":0.9813813814
      },
      "place":{
        "p":0.9204964777,
        "r":0.9445783133,
        "f":0.9323819232
      },
      "demonym":{
        "p":0.709470305,
        "r":0.9484978541,
        "f":0.8117539027
      },
      "person":{
        "p":0.7708333333,
        "r":0.7302631579,
        "f":0.75
      }
    },
    "tok2vec_loss":4299.264234524,
    "ner_loss":356.3067794956
  }
}