{
  "lang":"en",
  "name":"pipeline",
  "version":"0.0.0",
  "spacy_version":">=3.6.1,<3.7.0",
  "description":"",
  "author":"",
  "email":"",
  "url":"",
  "license":"",
  "spacy_git_version":"458bc5f45",
  "vectors":{
    "width":0,
    "vectors":0,
    "keys":0,
    "name":null,
    "mode":"default"
  },
  "labels":{
    "tok2vec":[

    ],
    "ner":[
      "demonym",
      "ethnic",
      "people",
      "person",
      "place"
    ]
  },
  "pipeline":[
    "tok2vec",
    "ner"
  ],
  "components":[
    "tok2vec",
    "ner"
  ],
  "disabled":[

  ],
  "performance":{
    "ents_f":0.8873909118,
    "ents_p":0.8745995966,
    "ents_r":0.900561935,
    "ents_per_type":{
      "people":{
        "p":0.9025341131,
        "r":0.9112718762,
        "f":0.9068819481
      },
      "ethnic":{
        "p":0.8529153238,
        "r":0.9463589077,
        "f":0.8972106642
      },
      "place":{
        "p":0.8422350922,
        "r":0.8788048344,
        "f":0.8601314348
      },
      "demonym":{
        "p":0.7919191919,
        "r":0.8577680525,
        "f":0.8235294118
      },
      "person":{
        "p":0.8128654971,
        "r":0.7419928826,
        "f":0.7758139535
      }
    },
    "tok2vec_loss":2098.1334818858,
    "ner_loss":785.8887347454
  }
}