{
  "lang":"en",
  "name":"pipeline",
  "version":"0.0.0",
  "spacy_version":">=3.6.1,<3.7.0",
  "description":"",
  "author":"",
  "email":"",
  "url":"",
  "license":"",
  "spacy_git_version":"458bc5f45",
  "vectors":{
    "width":0,
    "vectors":0,
    "keys":0,
    "name":null,
    "mode":"default"
  },
  "labels":{
    "tok2vec":[

    ],
    "ner":[
      "demonym",
      "ethnic",
      "people",
      "person",
      "place"
    ]
  },
  "pipeline":[
    "tok2vec",
    "ner"
  ],
  "components":[
    "tok2vec",
    "ner"
  ],
  "disabled":[

  ],
  "performance":{
    "ents_f":0.882858833,
    "ents_p":0.8769926171,
    "ents_r":0.8888040557,
    "ents_per_type":{
      "people":{
        "p":0.9040305069,
        "r":0.9079738284,
        "f":0.9059978769
      },
      "ethnic":{
        "p":0.9346541536,
        "r":0.8741872562,
        "f":0.9034100454
      },
      "place":{
        "p":0.836844368,
        "r":0.8713070725,
        "f":0.8537280702
      },
      "demonym":{
        "p":0.6981450253,
        "r":0.9059080963,
        "f":0.7885714286
      },
      "person":{
        "p":0.9215116279,
        "r":0.5640569395,
        "f":0.6997792494
      }
    },
    "tok2vec_loss":3540.0977580742,
    "ner_loss":938.4964626154
  }
}