{
  "lang":"en",
  "name":"pipeline",
  "version":"0.0.0",
  "spacy_version":">=3.4.1,<3.5.0",
  "description":"",
  "author":"",
  "email":"",
  "url":"",
  "license":"",
  "spacy_git_version":"Unknown",
  "vectors":{
    "width":0,
    "vectors":0,
    "keys":0,
    "name":null,
    "mode":"default"
  },
  "labels":{
    "tok2vec":[

    ],
    "ner":[
      "demonym",
      "ethnic",
      "people",
      "person",
      "place"
    ]
  },
  "pipeline":[
    "tok2vec",
    "ner"
  ],
  "components":[
    "tok2vec",
    "ner"
  ],
  "disabled":[

  ],
  "performance":{
    "ents_f":0.9526423083,
    "ents_p":0.9436160298,
    "ents_r":0.9618429386,
    "ents_per_type":{
      "people":{
        "p":0.9551217039,
        "r":0.9614599285,
        "f":0.9582803358
      },
      "place":{
        "p":0.9003241491,
        "r":0.9495726496,
        "f":0.9242928453
      },
      "ethnic":{
        "p":0.9806949807,
        "r":0.9892891918,
        "f":0.9849733398
      },
      "demonym":{
        "p":0.7975460123,
        "r":0.9027777778,
        "f":0.8469055375
      },
      "person":{
        "p":0.8360655738,
        "r":0.8947368421,
        "f":0.8644067797
      }
    },
    "tok2vec_loss":706.6223794423,
    "ner_loss":435.3971996773
  }
}