{
  "lang":"en",
  "name":"pipeline",
  "version":"0.0.0",
  "spacy_version":">=3.4.3,<3.5.0",
  "description":"",
  "author":"",
  "email":"",
  "url":"",
  "license":"",
  "spacy_git_version":"Unknown",
  "vectors":{
    "width":0,
    "vectors":0,
    "keys":0,
    "name":null,
    "mode":"default"
  },
  "labels":{
    "tok2vec":[

    ],
    "ner":[
      "demonym",
      "ethnic",
      "people",
      "person",
      "place"
    ]
  },
  "pipeline":[
    "tok2vec",
    "ner"
  ],
  "components":[
    "tok2vec",
    "ner"
  ],
  "disabled":[

  ],
  "performance":{
    "ents_f":0.9454992182,
    "ents_p":0.9319682959,
    "ents_r":0.9594288305,
    "ents_per_type":{
      "people":{
        "p":0.9386988598,
        "r":0.9711351651,
        "f":0.9546415661
      },
      "ethnic":{
        "p":0.98708636,
        "r":0.9756681292,
        "f":0.9813440321
      },
      "place":{
        "p":0.9302165693,
        "r":0.9314974182,
        "f":0.9308565531
      },
      "demonym":{
        "p":0.6849315068,
        "r":0.9656652361,
        "f":0.8014247551
      },
      "person":{
        "p":0.7795275591,
        "r":0.6513157895,
        "f":0.7096774194
      }
    },
    "tok2vec_loss":992.3667858438,
    "ner_loss":618.2093625015
  }
}