{
  "lang":"en",
  "name":"pipeline",
  "version":"0.0.0",
  "spacy_version":">=3.4.3,<3.5.0",
  "description":"",
  "author":"",
  "email":"",
  "url":"",
  "license":"",
  "spacy_git_version":"Unknown",
  "vectors":{
    "width":0,
    "vectors":0,
    "keys":0,
    "name":null,
    "mode":"default"
  },
  "labels":{
    "tok2vec":[

    ],
    "ner":[
      "demonym",
      "ethnic",
      "people",
      "person",
      "place"
    ]
  },
  "pipeline":[
    "tok2vec",
    "ner"
  ],
  "components":[
    "tok2vec",
    "ner"
  ],
  "disabled":[

  ],
  "performance":{
    "ents_f":0.9520273058,
    "ents_p":0.9453258845,
    "ents_r":0.9588244183,
    "ents_per_type":{
      "people":{
        "p":0.9552177486,
        "r":0.9679433805,
        "f":0.9615384615
      },
      "ethnic":{
        "p":0.9875201288,
        "r":0.9784603111,
        "f":0.9829693448
      },
      "place":{
        "p":0.923902112,
        "r":0.9487091222,
        "f":0.9361413043
      },
      "demonym":{
        "p":0.7693836978,
        "r":0.830472103,
        "f":0.7987616099
      },
      "person":{
        "p":0.7843137255,
        "r":0.7894736842,
        "f":0.7868852459
      }
    },
    "tok2vec_loss":3106.8448308777,
    "ner_loss":320.2181305378
  }
}